,subject_id,project_id,workflow_id,subject_set_id,metadata,locations,classifications_count,retired_at,retirement_reason
0,20860262,6263,6465.0,20334,"{""imageid"":""GODHa2018a_000001.JPG"",""datetime"":""2015:12:21 16:00:00""}","{""0"":""https://panoptes-uploads.zooniverse.org/production/subject_location/2e64c588-6bc3-4c41-a89e-b880de418307.jpeg""}",10,2018-09-20 08:35:22 UTC,classification_count
1,20860263,6263,6465.0,20334,"{""imageid"":""GODHa2018a_000002.JPG"",""datetime"":""2015:12:21 17:00:00""}","{""0"":""https://panoptes-uploads.zooniverse.org/production/subject_location/582fe449-20d0-4a1d-ab2e-6b4457cbd8b5.jpeg""}",10,2018-06-22 01:15:08 UTC,classification_count
2,20860264,6263,6465.0,20334,"{""imageid"":""GODHa2018a_000003.JPG"",""datetime"":""2015:12:21 18:00:00""}","{""0"":""https://panoptes-uploads.zooniverse.org/production/subject_location/bc2e6ca8-4dc6-4993-8ad4-e4698e0b8a51.jpeg""}",10,2018-07-11 18:24:49 UTC,classification_count
3,20860265,6263,6465.0,20334,"{""imageid"":""GODHa2018a_000004.JPG"",""datetime"":""2015:12:21 19:00:00""}","{""0"":""https://panoptes-uploads.zooniverse.org/production/subject_location/2a07157d-5868-43dc-83a3-81f53df6f96b.jpeg""}",10,2018-08-03 17:22:54 UTC,classification_count
4,20860266,6263,6465.0,20334,"{""imageid"":""GODHa2018a_000005.JPG"",""datetime"":""2015:12:21 20:00:00""}","{""0"":""https://panoptes-uploads.zooniverse.org/production/subject_location/80995e7f-ae5c-4f3d-acba-2fc1aae7d3d7.jpeg""}",10,2018-06-23 16:32:20 UTC,classification_count
5,20860267,6263,6465.0,20334,"{""imageid"":""GODHa2018a_000006.JPG"",""datetime"":""2015:12:21 21:00:00""}","{""0"":""https://panoptes-uploads.zooniverse.org/production/subject_location/47133308-21a7-4221-be4a-60c966fc7088.jpeg""}",10,2018-09-14 16:54:54 UTC,classification_count
6,20860268,6263,6465.0,20334,"{""imageid"":""GODHa2018a_000007.JPG"",""datetime"":""2015:12:21 22:00:00""}","{""0"":""https://panoptes-uploads.zooniverse.org/production/subject_location/eb13cb93-7104-43f0-8a97-080a76e4fbb1.jpeg""}",10,2018-08-12 02:07:47 UTC,classification_count
7,20860269,6263,6465.0,20334,"{""imageid"":""GODHa2018a_000008.JPG"",""datetime"":""2015:12:21 23:00:00""}","{""0"":""https://panoptes-uploads.zooniverse.org/production/subject_location/6f4dfe0f-e7ed-4f3d-8307-2feef762d8ef.jpeg""}",10,2018-09-14 14:33:43 UTC,classification_count
8,20860270,6263,6465.0,20334,"{""imageid"":""GODHa2018a_000009.JPG"",""datetime"":""2015:12:22 00:00:00""}","{""0"":""https://panoptes-uploads.zooniverse.org/production/subject_location/062772cd-e5e8-4867-98ee-a1b2a7aff1a3.jpeg""}",7,2018-07-18 11:21:52 UTC,nothing_here
9,20860271,6263,6465.0,20334,"{""imageid"":""GODHa2018a_000010.JPG"",""datetime"":""2015:12:22 01:00:00""}","{""0"":""https://panoptes-uploads.zooniverse.org/production/subject_location/b574355e-fa15-420e-a088-559437b21866.jpeg""}",10,2018-09-06 17:30:32 UTC,classification_count
10,20860272,6263,6465.0,20334,"{""imageid"":""GODHa2018a_000011.JPG"",""datetime"":""2015:12:22 02:00:00""}","{""0"":""https://panoptes-uploads.zooniverse.org/production/subject_location/da4f5b6e-8329-40a5-9952-9dc3991fe6bd.jpeg""}",10,2018-09-21 16:42:01 UTC,classification_count
11,20860273,6263,6465.0,20334,"{""imageid"":""GODHa2018a_000012.JPG"",""datetime"":""2015:12:22 03:00:00""}","{""0"":""https://panoptes-uploads.zooniverse.org/production/subject_location/ded10f2f-36cd-47df-9d19-d2fc1257ba52.jpeg""}",10,2018-08-04 16:59:11 UTC,classification_count
12,20860274,6263,6465.0,20334,"{""imageid"":""GODHa2018a_000013.JPG"",""datetime"":""2015:12:22 04:00:00""}","{""0"":""https://panoptes-uploads.zooniverse.org/production/subject_location/60edf408-a865-4595-bd4b-d46f7335ce97.jpeg""}",10,2018-09-16 16:15:56 UTC,classification_count
13,20860275,6263,6465.0,20334,"{""imageid"":""GODHa2018a_000014.JPG"",""datetime"":""2015:12:22 05:00:00""}","{""0"":""https://panoptes-uploads.zooniverse.org/production/subject_location/78648bc6-a0f0-492b-ae5d-c579a2a2c650.jpeg""}",10,2018-08-07 20:23:15 UTC,classification_count
14,20860276,6263,6465.0,20334,"{""imageid"":""GODHa2018a_000015.JPG"",""datetime"":""2015:12:22 06:00:00""}","{""0"":""https://panoptes-uploads.zooniverse.org/production/subject_location/e9feb8db-19b4-4a0b-98ab-8b9b74d8126a.jpeg""}",10,2018-09-21 20:48:18 UTC,classification_count
15,20860277,6263,6465.0,20334,"{""imageid"":""GODHa2018a_000016.JPG"",""datetime"":""2015:12:22 07:00:00""}","{""0"":""https://panoptes-uploads.zooniverse.org/production/subject_location/8dde1dc0-18e0-4e41-a691-e470c2ab5bd9.jpeg""}",10,2018-08-10 04:50:33 UTC,classification_count
16,20860278,6263,6465.0,20334,"{""imageid"":""GODHa2018a_000017.JPG"",""datetime"":""2015:12:22 08:00:00""}","{""0"":""https://panoptes-uploads.zooniverse.org/production/subject_location/5cce7dc3-d7cb-4991-95f7-c3a48c8b7f65.jpeg""}",10,2018-08-02 14:30:52 UTC,classification_count
17,20860279,6263,6465.0,20334,"{""imageid"":""GODHa2018a_000018.JPG"",""datetime"":""2015:12:22 09:00:00""}","{""0"":""https://panoptes-uploads.zooniverse.org/production/subject_location/9c0af392-58a1-4990-b132-d38a42c23309.jpeg""}",10,2018-08-11 22:28:24 UTC,classification_count
18,20860280,6263,6465.0,20334,"{""imageid"":""GODHa2018a_000019.JPG"",""datetime"":""2015:12:22 10:00:00""}","{""0"":""https://panoptes-uploads.zooniverse.org/production/subject_location/d9e1486c-1dab-43f4-9f16-92ed8483565a.jpeg""}",10,2018-08-29 07:48:40 UTC,classification_count
19,20860281,6263,6465.0,20334,"{""imageid"":""GODHa2018a_000020.JPG"",""datetime"":""2015:12:22 11:00:00""}","{""0"":""https://panoptes-uploads.zooniverse.org/production/subject_location/c08977c4-5888-4dde-96c4-2c29229e5462.jpeg""}",10,2018-09-14 04:02:30 UTC,classification_count
20,20860282,6263,6465.0,20334,"{""imageid"":""GODHa2018a_000021.JPG"",""datetime"":""2015:12:22 12:00:00""}","{""0"":""https://panoptes-uploads.zooniverse.org/production/subject_location/18c5771e-d6b2-4c0f-bbf3-a097747c58f6.jpeg""}",10,2018-08-08 22:19:29 UTC,classification_count
21,20860283,6263,6465.0,20334,"{""imageid"":""GODHa2018a_000022.JPG"",""datetime"":""2015:12:22 13:00:00""}","{""0"":""https://panoptes-uploads.zooniverse.org/production/subject_location/6e03a2ce-eceb-4ce8-b87e-b50e3bb99133.jpeg""}",10,2018-09-17 17:06:09 UTC,classification_count
22,20860284,6263,6465.0,20334,"{""imageid"":""GODHa2018a_000023.JPG"",""datetime"":""2015:12:22 14:00:00""}","{""0"":""https://panoptes-uploads.zooniverse.org/production/subject_location/894ef642-4620-4523-ab55-e1b4ef9bc407.jpeg""}",10,2018-09-21 11:27:14 UTC,classification_count
23,20860285,6263,6465.0,20334,"{""imageid"":""GODHa2018a_000024.JPG"",""datetime"":""2015:12:22 15:00:00""}","{""0"":""https://panoptes-uploads.zooniverse.org/production/subject_location/2c7c21b9-4ed0-4797-b4dc-0afa8f34022f.jpeg""}",10,2018-08-08 03:12:03 UTC,classification_count
24,20860286,6263,6465.0,20334,"{""imageid"":""GODHa2018a_000025.JPG"",""datetime"":""2015:12:22 16:00:00""}","{""0"":""https://panoptes-uploads.zooniverse.org/production/subject_location/c1b51e5a-6d46-4bba-9a04-05d0a7279b46.jpeg""}",10,2018-06-07 00:47:21 UTC,classification_count
25,20860287,6263,6465.0,20334,"{""imageid"":""GODHa2018a_000026.JPG"",""datetime"":""2015:12:22 17:00:00""}","{""0"":""https://panoptes-uploads.zooniverse.org/production/subject_location/01b0aae4-2516-4dcf-866e-d202776506ea.jpeg""}",10,2018-09-21 06:59:24 UTC,classification_count
26,20860288,6263,6465.0,20334,"{""imageid"":""GODHa2018a_000027.JPG"",""datetime"":""2015:12:22 18:00:00""}","{""0"":""https://panoptes-uploads.zooniverse.org/production/subject_location/b546bd73-d482-4e3e-91ab-542a18d58e31.jpeg""}",10,2018-09-15 20:17:36 UTC,classification_count
27,20860289,6263,6465.0,20334,"{""imageid"":""GODHa2018a_000028.JPG"",""datetime"":""2015:12:22 19:00:00""}","{""0"":""https://panoptes-uploads.zooniverse.org/production/subject_location/b9f3a5ae-a129-4360-99df-6c2766a4343b.jpeg""}",10,2018-06-20 20:34:11 UTC,classification_count
28,20860290,6263,6465.0,20334,"{""imageid"":""GODHa2018a_000029.JPG"",""datetime"":""2015:12:22 20:00:00""}","{""0"":""https://panoptes-uploads.zooniverse.org/production/subject_location/6a4a7ba4-d839-4cae-a51c-5858cd99c4df.jpeg""}",7,2018-06-10 17:46:21 UTC,nothing_here
29,20860291,6263,6465.0,20334,"{""imageid"":""GODHa2018a_000030.JPG"",""datetime"":""2015:12:22 21:00:00""}","{""0"":""https://panoptes-uploads.zooniverse.org/production/subject_location/16ea8491-2f0d-4238-8874-5b251bad3bcf.jpeg""}",10,2018-06-20 14:02:13 UTC,classification_count
30,20860292,6263,6465.0,20334,"{""imageid"":""GODHa2018a_000031.JPG"",""datetime"":""2015:12:22 22:00:00""}","{""0"":""https://panoptes-uploads.zooniverse.org/production/subject_location/ba00be9b-07c1-4e16-a06c-ab9a0d933fc5.jpeg""}",11,2018-09-21 17:19:54 UTC,classification_count
31,20860293,6263,6465.0,20334,"{""imageid"":""GODHa2018a_000032.JPG"",""datetime"":""2015:12:22 23:00:00""}","{""0"":""https://panoptes-uploads.zooniverse.org/production/subject_location/13aa91f4-bf4c-4331-ac11-9f6f5dc18f40.jpeg""}",10,2018-06-13 01:33:12 UTC,classification_count
32,20860294,6263,6465.0,20334,"{""imageid"":""GODHa2018a_000033.JPG"",""datetime"":""2015:12:23 00:00:00""}","{""0"":""https://panoptes-uploads.zooniverse.org/production/subject_location/119ceff6-93e9-4484-b862-01b4f7030002.jpeg""}",10,2018-09-06 20:09:21 UTC,classification_count
33,20860295,6263,6465.0,20334,"{""imageid"":""GODHa2018a_000034.JPG"",""datetime"":""2015:12:23 01:00:00""}","{""0"":""https://panoptes-uploads.zooniverse.org/production/subject_location/96723ed4-19c4-4707-9c79-7a85331e1884.jpeg""}",11,2018-09-02 04:39:44 UTC,classification_count
34,20860296,6263,6465.0,20334,"{""imageid"":""GODHa2018a_000035.JPG"",""datetime"":""2015:12:23 02:00:00""}","{""0"":""https://panoptes-uploads.zooniverse.org/production/subject_location/fb34b222-9efe-43d7-a76c-b2ffc9ab3554.jpeg""}",10,2018-09-14 16:37:02 UTC,classification_count
35,20860297,6263,6465.0,20334,"{""imageid"":""GODHa2018a_000036.JPG"",""datetime"":""2015:12:23 03:00:00""}","{""0"":""https://panoptes-uploads.zooniverse.org/production/subject_location/4ebc1ee3-e475-439d-8ce3-707602596eda.jpeg""}",10,2018-09-08 12:11:00 UTC,classification_count
36,20860298,6263,6465.0,20334,"{""imageid"":""GODHa2018a_000037.JPG"",""datetime"":""2015:12:23 04:00:00""}","{""0"":""https://panoptes-uploads.zooniverse.org/production/subject_location/cad90fc8-d53c-42b5-be4a-2fa5204ec3a6.jpeg""}",10,2018-09-14 14:14:07 UTC,classification_count
37,20860299,6263,6465.0,20334,"{""imageid"":""GODHa2018a_000038.JPG"",""datetime"":""2015:12:23 05:00:00""}","{""0"":""https://panoptes-uploads.zooniverse.org/production/subject_location/a85a78de-771e-4811-b5d0-4113a2419add.jpeg""}",10,2018-07-10 14:29:25 UTC,classification_count
38,20860300,6263,6465.0,20334,"{""imageid"":""GODHa2018a_000039.JPG"",""datetime"":""2015:12:23 06:00:00""}","{""0"":""https://panoptes-uploads.zooniverse.org/production/subject_location/f71d76d2-8b92-47fc-9ca2-a7211269042c.jpeg""}",10,2018-09-22 10:33:33 UTC,classification_count
39,20860301,6263,6465.0,20334,"{""imageid"":""GODHa2018a_000040.JPG"",""datetime"":""2015:12:23 07:00:00""}","{""0"":""https://panoptes-uploads.zooniverse.org/production/subject_location/8864f28b-1eef-4ab0-8227-a86bd7908582.jpeg""}",10,2018-06-08 12:56:39 UTC,classification_count
40,20860302,6263,6465.0,20334,"{""imageid"":""GODHa2018a_000041.JPG"",""datetime"":""2015:12:23 08:00:00""}","{""0"":""https://panoptes-uploads.zooniverse.org/production/subject_location/5bd1aada-8f05-463f-b21a-158c5bff1ef4.jpeg""}",10,2018-08-28 18:12:00 UTC,classification_count
41,20860303,6263,6465.0,20334,"{""imageid"":""GODHa2018a_000042.JPG"",""datetime"":""2015:12:23 09:00:00""}","{""0"":""https://panoptes-uploads.zooniverse.org/production/subject_location/756383df-2c60-4a81-8931-1b6acc685085.jpeg""}",10,2018-06-08 13:14:26 UTC,classification_count
42,20860304,6263,6465.0,20334,"{""imageid"":""GODHa2018a_000043.JPG"",""datetime"":""2015:12:23 10:00:00""}","{""0"":""https://panoptes-uploads.zooniverse.org/production/subject_location/5ed63fa3-da1a-4207-91a4-ba012a6e3429.jpeg""}",10,2018-09-21 20:12:13 UTC,classification_count
43,20860305,6263,6465.0,20334,"{""imageid"":""GODHa2018a_000044.JPG"",""datetime"":""2015:12:23 11:00:00""}","{""0"":""https://panoptes-uploads.zooniverse.org/production/subject_location/60865ec6-9dd8-4d52-baa6-0120e8d2fd84.jpeg""}",10,2018-08-07 19:53:23 UTC,classification_count
44,20860306,6263,6465.0,20334,"{""imageid"":""GODHa2018a_000045.JPG"",""datetime"":""2015:12:23 12:00:00""}","{""0"":""https://panoptes-uploads.zooniverse.org/production/subject_location/95568c15-b489-4b5c-86c4-7911a32ec958.jpeg""}",10,2018-08-09 10:24:49 UTC,classification_count
45,20860307,6263,6465.0,20334,"{""imageid"":""GODHa2018a_000046.JPG"",""datetime"":""2015:12:23 13:00:00""}","{""0"":""https://panoptes-uploads.zooniverse.org/production/subject_location/e01663ca-4891-4ba6-9b6a-79c9222a3766.jpeg""}",10,2018-08-31 18:47:37 UTC,classification_count
46,20860308,6263,6465.0,20334,"{""imageid"":""GODHa2018a_000047.JPG"",""datetime"":""2015:12:23 14:00:00""}","{""0"":""https://panoptes-uploads.zooniverse.org/production/subject_location/4d124f9b-3c9a-4ef8-a879-fae5c4d1f819.jpeg""}",10,2018-05-02 23:41:06 UTC,classification_count
47,20860309,6263,6465.0,20334,"{""imageid"":""GODHa2018a_000048.JPG"",""datetime"":""2015:12:23 15:00:00""}","{""0"":""https://panoptes-uploads.zooniverse.org/production/subject_location/8eb83188-9090-4fc7-9a65-327c432f2fa4.jpeg""}",10,2018-07-07 17:00:47 UTC,classification_count
48,20860310,6263,6465.0,20334,"{""imageid"":""GODHa2018a_000049.JPG"",""datetime"":""2015:12:23 16:00:00""}","{""0"":""https://panoptes-uploads.zooniverse.org/production/subject_location/7e42d9af-4543-4ef7-9bbf-93bb664089ba.jpeg""}",10,2018-07-20 05:06:22 UTC,classification_count
49,20860311,6263,6465.0,20334,"{""imageid"":""GODHa2018a_000050.JPG"",""datetime"":""2015:12:23 17:00:00""}","{""0"":""https://panoptes-uploads.zooniverse.org/production/subject_location/d0ec1439-bbb0-48d4-8967-259efe4e94e2.jpeg""}",10,2018-09-18 03:44:36 UTC,classification_count
